Product_URL,Category
https://www.decathlon.in/p/8319097/men-waterproof-trekking-shoes-mid-ankle-with-cross-contact-grip-grey-mt100,Hiking & Trekking
https://www.decathlon.in/p/8351755/men-running-shoes-everyday-shoes-with-cushioning-ekiden-one-grey,Jogging
https://www.decathlon.in/p/8351755/men-running-shoes-everyday-shoes-with-cushioning-ekiden-one-grey,Occasional
https://www.decathlon.in/p/8351755/men-running-shoes-everyday-shoes-with-cushioning-ekiden-one-grey,Sport Shoes
https://www.decathlon.in/p/8367617/men-s-warm-and-waterproof-hiking-boots-nh100-high-black,Hiking & Trekking
https://www.decathlon.in/p/8381475/men-running-shoes-comfort-fit-upto-10km-week-run-active-slate-grey,Jogging
https://www.decathlon.in/p/8381475/men-running-shoes-comfort-fit-upto-10km-week-run-active-slate-grey,Occasional
https://www.decathlon.in/p/8381475/men-running-shoes-comfort-fit-upto-10km-week-run-active-slate-grey,Running
https://www.decathlon.in/p/8381475/men-running-shoes-comfort-fit-upto-10km-week-run-active-slate-grey,Sport Shoes
https://www.decathlon.in/p/8486177/men-walking-shoes-with-breathable-mesh-cushioning-pw-100-grey,Occasional
https://www.decathlon.in/p/8486177/men-walking-shoes-with-breathable-mesh-cushioning-pw-100-grey,Sport Shoes
https://www.decathlon.in/p/8502616/men-s-warm-and-waterproof-hiking-boots-sh500-mountain-mid,Hiking & Trekking
https://www.decathlon.in/p/8502824/men-walking-shoes-with-breathable-mesh-cushioning-pw-100-black,Occasional
https://www.decathlon.in/p/8502824/men-walking-shoes-with-breathable-mesh-cushioning-pw-100-black,Sport Shoes
https://www.decathlon.in/p/8503792/men-low-ankle-waterproof-hiking-shoes-with-non-slip-outsole-blue-mh100,Hiking & Trekking
https://www.decathlon.in/p/8503796/men-low-ankle-waterproof-hiking-shoes-with-non-slip-outsole-grey-mh100,Hiking & Trekking
https://www.decathlon.in/p/8544960/men-warm-waterproof-hiking-boots-nh500-mid-brown,Hiking & Trekking
https://www.decathlon.in/p/8550247/men-waterproof-trekking-shoes-high-ankle-with-contact-grip-khaki-mt100,Hiking & Trekking
https://www.decathlon.in/p/8553119/men-mid-ankle-waterproof-hiking-shoes-with-non-slip-outsole-black-mh100,Hiking & Trekking
https://www.decathlon.in/p/8553119/men-mid-ankle-waterproof-hiking-shoes-with-non-slip-outsole-black-mh100,Occasional
https://www.decathlon.in/p/8553119/men-mid-ankle-waterproof-hiking-shoes-with-non-slip-outsole-black-mh100,Sport Shoes
https://www.decathlon.in/p/8553121/men-mid-ankle-waterproof-hiking-shoes-with-non-slip-outsole-khaki-mh100,Hiking & Trekking
https://www.decathlon.in/p/8554249/men-running-shoes-daily-with-cushioning-comfort-fit-run-comfort-black,Jogging
https://www.decathlon.in/p/8554249/men-running-shoes-daily-with-cushioning-comfort-fit-run-comfort-black,Occasional
https://www.decathlon.in/p/8554249/men-running-shoes-daily-with-cushioning-comfort-fit-run-comfort-black,Running
https://www.decathlon.in/p/8554249/men-running-shoes-daily-with-cushioning-comfort-fit-run-comfort-black,Sport Shoes
https://www.decathlon.in/p/8554571/men-water-resistant-mid-ankle-hiking-shoes-brown-nh150,Hiking & Trekking
https://www.decathlon.in/p/8554574/men-water-resistant-mid-ankle-hiking-shoes-beige-nh150,Hiking & Trekking
https://www.decathlon.in/p/8554574/men-water-resistant-mid-ankle-hiking-shoes-beige-nh150,Occasional
https://www.decathlon.in/p/8554574/men-water-resistant-mid-ankle-hiking-shoes-beige-nh150,Sport Shoes
https://www.decathlon.in/p/8555093/men-s-mountain-hiking-shoes-mh100-grey,Hiking & Trekking
https://www.decathlon.in/p/8559091/men-running-shoes-comfort-fit-upto-10km-week-run-active-carmine-red,Jogging
https://www.decathlon.in/p/8559091/men-running-shoes-comfort-fit-upto-10km-week-run-active-carmine-red,Occasional
https://www.decathlon.in/p/8559091/men-running-shoes-comfort-fit-upto-10km-week-run-active-carmine-red,Running
https://www.decathlon.in/p/8559091/men-running-shoes-comfort-fit-upto-10km-week-run-active-carmine-red,Sport Shoes
https://www.decathlon.in/p/8607728/men-running-shoes-everyday-shoes-with-cushioning-run-one-blue,Jogging
https://www.decathlon.in/p/8607728/men-running-shoes-everyday-shoes-with-cushioning-run-one-blue,Occasional
https://www.decathlon.in/p/8607728/men-running-shoes-everyday-shoes-with-cushioning-run-one-blue,Sport Shoes
https://www.decathlon.in/p/8618759/men-waterproof-hiking-shoes-low-ankle-with-cushion-comfort-blue-mh500,Hiking & Trekking
https://www.decathlon.in/p/8618767/men-waterproof-hiking-shoes-mid-ankle-with-cushion-comfort-brown-mh500,Hiking & Trekking
https://www.decathlon.in/p/8618769/men-waterproof-hiking-shoes-mid-ankle-with-cushion-comfort-grey-mh500,Hiking & Trekking
https://www.decathlon.in/p/8640887/men-s-warm-and-waterproof-hiking-boots-sh100-mid-height,Hiking & Trekking
https://www.decathlon.in/p/8645925/men-s-waterproof-durable-hunting-boots-crosshunt-120-resist-brown,Occasional
https://www.decathlon.in/p/8645925/men-s-waterproof-durable-hunting-boots-crosshunt-120-resist-brown,Sport Shoes
https://www.decathlon.in/p/8665507/men-running-shoes-daily-with-cushioning-comfort-fit-run-comfort-khaki-grey,Jogging
https://www.decathlon.in/p/8665507/men-running-shoes-daily-with-cushioning-comfort-fit-run-comfort-khaki-grey,Occasional
https://www.decathlon.in/p/8665507/men-running-shoes-daily-with-cushioning-comfort-fit-run-comfort-khaki-grey,Running
https://www.decathlon.in/p/8665507/men-running-shoes-daily-with-cushioning-comfort-fit-run-comfort-khaki-grey,Sport Shoes
https://www.decathlon.in/p/8665669/men-s-warm-and-waterproof-hiking-boots-mh500-mid-black,Hiking & Trekking
https://www.decathlon.in/p/8670184/men-running-shoes-comfort-fit-upto-10km-week-run-active-denim-blue,Jogging
https://www.decathlon.in/p/8670184/men-running-shoes-comfort-fit-upto-10km-week-run-active-denim-blue,Running
https://www.decathlon.in/p/8670185/men-running-shoes-comfort-fit-upto-10km-week-run-active-blue-and-brown,Jogging
https://www.decathlon.in/p/8670185/men-running-shoes-comfort-fit-upto-10km-week-run-active-blue-and-brown,Occasional
https://www.decathlon.in/p/8670185/men-running-shoes-comfort-fit-upto-10km-week-run-active-blue-and-brown,Running
https://www.decathlon.in/p/8670185/men-running-shoes-comfort-fit-upto-10km-week-run-active-blue-and-brown,Sport Shoes
https://www.decathlon.in/p/8670187/men-running-shoes-comfort-fit-upto-10km-week-run-active-black-and-orange,Jogging
https://www.decathlon.in/p/8670187/men-running-shoes-comfort-fit-upto-10km-week-run-active-black-and-orange,Occasional
https://www.decathlon.in/p/8670187/men-running-shoes-comfort-fit-upto-10km-week-run-active-black-and-orange,Running
https://www.decathlon.in/p/8670187/men-running-shoes-comfort-fit-upto-10km-week-run-active-black-and-orange,Sport Shoes
https://www.decathlon.in/p/8670191/men-running-shoe-cushioned-foam-sole-and-breathable-jogflow-500-1-carbon-grey,Jogging
https://www.decathlon.in/p/8670191/men-running-shoe-cushioned-foam-sole-and-breathable-jogflow-500-1-carbon-grey,Running
https://www.decathlon.in/p/8670196/men-running-shoe-cushioned-foam-sole-and-breathable-jogflow-500-1-black,Jogging
https://www.decathlon.in/p/8670196/men-running-shoe-cushioned-foam-sole-and-breathable-jogflow-500-1-black,Running
https://www.decathlon.in/p/8670196/men-running-shoe-cushioned-foam-sole-and-breathable-jogflow-500-1-black,Sport Shoes
https://www.decathlon.in/p/8733461/men-running-shoes-superior-grip-cushioned-upto-10km-week-jogflow100-sage-green,Jogging
https://www.decathlon.in/p/8733461/men-running-shoes-superior-grip-cushioned-upto-10km-week-jogflow100-sage-green,Occasional
https://www.decathlon.in/p/8733461/men-running-shoes-superior-grip-cushioned-upto-10km-week-jogflow100-sage-green,Running
https://www.decathlon.in/p/8733461/men-running-shoes-superior-grip-cushioned-upto-10km-week-jogflow100-sage-green,Sport Shoes
https://www.decathlon.in/p/8733464/men-running-shoes-superior-grip-cushioned-upto-10km-week-jogflow100-black,Jogging
https://www.decathlon.in/p/8733464/men-running-shoes-superior-grip-cushioned-upto-10km-week-jogflow100-black,Occasional
https://www.decathlon.in/p/8733464/men-running-shoes-superior-grip-cushioned-upto-10km-week-jogflow100-black,Running
https://www.decathlon.in/p/8733464/men-running-shoes-superior-grip-cushioned-upto-10km-week-jogflow100-black,Sport Shoes
https://www.decathlon.in/p/8733468/men-running-shoes-superior-grip-cushioned-upto-10km-week-jogflow100-red,Jogging
https://www.decathlon.in/p/8733468/men-running-shoes-superior-grip-cushioned-upto-10km-week-jogflow100-red,Running
https://www.decathlon.in/p/8733469/men-running-shoes-superior-grip-cushioned-upto-10km-week-jogflow100-navy-blue,Jogging
https://www.decathlon.in/p/8733469/men-running-shoes-superior-grip-cushioned-upto-10km-week-jogflow100-navy-blue,Occasional
https://www.decathlon.in/p/8733469/men-running-shoes-superior-grip-cushioned-upto-10km-week-jogflow100-navy-blue,Running
https://www.decathlon.in/p/8733469/men-running-shoes-superior-grip-cushioned-upto-10km-week-jogflow100-navy-blue,Sport Shoes
https://www.decathlon.in/p/8733470/men-running-shoes-superior-grip-cushioned-upto-10km-week-jogflow100-grey,Jogging
https://www.decathlon.in/p/8733470/men-running-shoes-superior-grip-cushioned-upto-10km-week-jogflow100-grey,Occasional
https://www.decathlon.in/p/8733470/men-running-shoes-superior-grip-cushioned-upto-10km-week-jogflow100-grey,Running
https://www.decathlon.in/p/8733470/men-running-shoes-superior-grip-cushioned-upto-10km-week-jogflow100-grey,Sport Shoes
https://www.decathlon.in/p/8738058/men-s-warm-and-waterproof-hiking-boots-nh500-mid-black,Hiking & Trekking
https://www.decathlon.in/p/8738058/men-s-warm-and-waterproof-hiking-boots-nh500-mid-black,Occasional
https://www.decathlon.in/p/8738058/men-s-warm-and-waterproof-hiking-boots-nh500-mid-black,Sport Shoes
https://www.decathlon.in/p/8756701/men-mid-ankle-hiking-shoes-black-nh100,Hiking & Trekking
https://www.decathlon.in/p/8756701/men-mid-ankle-hiking-shoes-black-nh100,Occasional
https://www.decathlon.in/p/8756701/men-mid-ankle-hiking-shoes-black-nh100,Sport Shoes
https://www.decathlon.in/p/8757257/men-lightweight-low-ankle-hiking-shoes-blue-nh150,Hiking & Trekking
https://www.decathlon.in/p/8757332/men-running-shoes-superior-grip-cushioned-upto-20km-week-jogflow-190-1-white,Jogging
https://www.decathlon.in/p/8757332/men-running-shoes-superior-grip-cushioned-upto-20km-week-jogflow-190-1-white,Running
https://www.decathlon.in/p/8757333/men-running-shoes-superior-grip-cushioned-upto-20km-week-jogflow-190-1-blue,Jogging
https://www.decathlon.in/p/8757333/men-running-shoes-superior-grip-cushioned-upto-20km-week-jogflow-190-1-blue,Occasional
https://www.decathlon.in/p/8757333/men-running-shoes-superior-grip-cushioned-upto-20km-week-jogflow-190-1-blue,Running
https://www.decathlon.in/p/8757333/men-running-shoes-superior-grip-cushioned-upto-20km-week-jogflow-190-1-blue,Sport Shoes
https://www.decathlon.in/p/8757334/men-running-shoes-superior-grip-cushioned-upto-20km-week-jogflow-190-1-grey,Jogging
https://www.decathlon.in/p/8757334/men-running-shoes-superior-grip-cushioned-upto-20km-week-jogflow-190-1-grey,Occasional
https://www.decathlon.in/p/8757334/men-running-shoes-superior-grip-cushioned-upto-20km-week-jogflow-190-1-grey,Running
https://www.decathlon.in/p/8757334/men-running-shoes-superior-grip-cushioned-upto-20km-week-jogflow-190-1-grey,Sport Shoes
https://www.decathlon.in/p/8757335/men-running-shoes-superior-grip-cushioned-upto-20km-week-jogflow-190-1-black,Jogging
https://www.decathlon.in/p/8757335/men-running-shoes-superior-grip-cushioned-upto-20km-week-jogflow-190-1-black,Occasional
https://www.decathlon.in/p/8757335/men-running-shoes-superior-grip-cushioned-upto-20km-week-jogflow-190-1-black,Running
https://www.decathlon.in/p/8757335/men-running-shoes-superior-grip-cushioned-upto-20km-week-jogflow-190-1-black,Sport Shoes
https://www.decathlon.in/p/8759438/waterproof-boots-crosshunt-110-heritage-brown,Occasional
https://www.decathlon.in/p/8759438/waterproof-boots-crosshunt-110-heritage-brown,Sport Shoes
https://www.decathlon.in/p/8767616/men-low-ankle-leather-hiking-shoes-with-built-in-socks-nh500,Hiking & Trekking
https://www.decathlon.in/p/8767618/men-s-hiking-shoes-arpenaz-500-revival,Hiking & Trekking
https://www.decathlon.in/p/8767790/run-active-grip-lightweight-cushioned-men-running-shoes-max-10-km-wk-white,Jogging
https://www.decathlon.in/p/8772865/men-s-kiprun-ks500-2-running-shoes-black-yellow,Running
https://www.decathlon.in/p/8772865/men-s-kiprun-ks500-2-running-shoes-black-yellow,Sport Shoes
https://www.decathlon.in/p/8786155/men-s-leather-boots-waterproof-vibram-mt500-brown,Hiking & Trekking
https://www.decathlon.in/p/8801288/men-s-leather-high-trekking-shoes-mt100,Hiking & Trekking
https://www.decathlon.in/p/8801288/men-s-leather-high-trekking-shoes-mt100,Occasional
https://www.decathlon.in/p/8801426/men-running-shoe-with-carbon-plate-kiprun-kd900x-white,Running
https://www.decathlon.in/p/8830177/men-s-kiprun-ks500-2-running-shoes-black-grey,Running
https://www.decathlon.in/p/8830227/men-running-shoe-cushioned-foam-sole-and-anti-slip-kd500-3-white-and-orange,Running
https://www.decathlon.in/p/8841282/men-running-and-trail-running-shoes-kiprun-jf-190-grip-blue-and-orange,Jogging
https://www.decathlon.in/p/8841282/men-running-and-trail-running-shoes-kiprun-jf-190-grip-blue-and-orange,Occasional
https://www.decathlon.in/p/8841282/men-running-and-trail-running-shoes-kiprun-jf-190-grip-blue-and-orange,Running
https://www.decathlon.in/p/8841282/men-running-and-trail-running-shoes-kiprun-jf-190-grip-blue-and-orange,Sport Shoes
https://www.decathlon.in/p/8844091/men-s-hiking-boots-nh50-green,Hiking & Trekking
https://www.decathlon.in/p/8844095/men-s-hiking-boots-nh50-black,Hiking & Trekking
https://www.decathlon.in/p/8844095/men-s-hiking-boots-nh50-black,Occasional
https://www.decathlon.in/p/8844095/men-s-hiking-boots-nh50-black,Sport Shoes
https://www.decathlon.in/p/8844602/men-running-shoes-superior-grip-cushioned-upto-10km-week-jogflow100-blue,Jogging
https://www.decathlon.in/p/8844602/men-running-shoes-superior-grip-cushioned-upto-10km-week-jogflow100-blue,Running
https://www.decathlon.in/p/8851583/men-waterproof-hiking-shoes-low-ankle-with-cushion-comfort-black-mh500,Hiking & Trekking
https://www.decathlon.in/p/8873070/men-s-running-shoes-kiprun-kipcore-grey,Jogging
https://www.decathlon.in/p/8873070/men-s-running-shoes-kiprun-kipcore-grey,Running
https://www.decathlon.in/p/8874411/men-running-shoes-superior-grip-cushioned-upto-20km-week-jogflow-190-1-blue,Jogging
https://www.decathlon.in/p/8874411/men-running-shoes-superior-grip-cushioned-upto-20km-week-jogflow-190-1-blue,Occasional
https://www.decathlon.in/p/8874411/men-running-shoes-superior-grip-cushioned-upto-20km-week-jogflow-190-1-blue,Running
https://www.decathlon.in/p/8883621/men-running-and-trail-running-shoes-kiprun-jf-190-grip-black,Jogging
https://www.decathlon.in/p/8883621/men-running-and-trail-running-shoes-kiprun-jf-190-grip-black,Occasional
https://www.decathlon.in/p/8883621/men-running-and-trail-running-shoes-kiprun-jf-190-grip-black,Running
https://www.decathlon.in/p/8883621/men-running-and-trail-running-shoes-kiprun-jf-190-grip-black,Sport Shoes
https://www.decathlon.in/p/8913737/men-running-shoes-superior-grip-cushioned-upto-10km-week-jogflow100-steel-blue,Jogging
https://www.decathlon.in/p/8913737/men-running-shoes-superior-grip-cushioned-upto-10km-week-jogflow100-steel-blue,Occasional
https://www.decathlon.in/p/8913737/men-running-shoes-superior-grip-cushioned-upto-10km-week-jogflow100-steel-blue,Running
https://www.decathlon.in/p/8913737/men-running-shoes-superior-grip-cushioned-upto-10km-week-jogflow100-steel-blue,Sport Shoes
https://www.decathlon.in/p/8913739/men-running-shoes-superior-grip-cushioned-upto-10km-week-jogflow100-green,Jogging
https://www.decathlon.in/p/8913739/men-running-shoes-superior-grip-cushioned-upto-10km-week-jogflow100-green,Running
https://www.decathlon.in/p/8913740/men-running-shoes-superior-grip-cushioned-upto-10km-week-jogflow-frozen-green,Jogging
https://www.decathlon.in/p/8913740/men-running-shoes-superior-grip-cushioned-upto-10km-week-jogflow-frozen-green,Occasional
https://www.decathlon.in/p/8913740/men-running-shoes-superior-grip-cushioned-upto-10km-week-jogflow-frozen-green,Running
https://www.decathlon.in/p/8913740/men-running-shoes-superior-grip-cushioned-upto-10km-week-jogflow-frozen-green,Sport Shoes
https://www.decathlon.in/p/8913741/men-running-shoes-superior-grip-cushioned-upto-10km-week-jogflow-cotton-white,Jogging
https://www.decathlon.in/p/8913741/men-running-shoes-superior-grip-cushioned-upto-10km-week-jogflow-cotton-white,Running
https://www.decathlon.in/p/8913894/men-running-shoes-superior-grip-cushioned-upto-20km-week-jogflow-190-1-black,Jogging
https://www.decathlon.in/p/8913894/men-running-shoes-superior-grip-cushioned-upto-20km-week-jogflow-190-1-black,Running
https://www.decathlon.in/p/8913896/men-running-shoes-superior-grip-cushioned-upto-20km-week-jogflow-190-1-blue,Jogging
https://www.decathlon.in/p/8913896/men-running-shoes-superior-grip-cushioned-upto-20km-week-jogflow-190-1-blue,Occasional
https://www.decathlon.in/p/8913896/men-running-shoes-superior-grip-cushioned-upto-20km-week-jogflow-190-1-blue,Running
https://www.decathlon.in/p/8913896/men-running-shoes-superior-grip-cushioned-upto-20km-week-jogflow-190-1-blue,Sport Shoes
https://www.decathlon.in/p/8913898/men-running-shoes-superior-grip-cushioned-upto-20km-week-jogflow-190-1-black,Jogging
https://www.decathlon.in/p/8913898/men-running-shoes-superior-grip-cushioned-upto-20km-week-jogflow-190-1-black,Occasional
https://www.decathlon.in/p/8913898/men-running-shoes-superior-grip-cushioned-upto-20km-week-jogflow-190-1-black,Running
https://www.decathlon.in/p/8913898/men-running-shoes-superior-grip-cushioned-upto-20km-week-jogflow-190-1-black,Sport Shoes
https://www.decathlon.in/p/8913899/men-running-shoes-superior-grip-cushioned-upto-20km-week-jogflow-190-1-grey,Jogging
https://www.decathlon.in/p/8913899/men-running-shoes-superior-grip-cushioned-upto-20km-week-jogflow-190-1-grey,Occasional
https://www.decathlon.in/p/8913899/men-running-shoes-superior-grip-cushioned-upto-20km-week-jogflow-190-1-grey,Running
https://www.decathlon.in/p/8913899/men-running-shoes-superior-grip-cushioned-upto-20km-week-jogflow-190-1-grey,Sport Shoes
https://www.decathlon.in/p/8913901/men-running-shoes-superior-grip-cushioned-upto-20km-week-jogflow-190-1-grey,Jogging
https://www.decathlon.in/p/8913901/men-running-shoes-superior-grip-cushioned-upto-20km-week-jogflow-190-1-grey,Occasional
https://www.decathlon.in/p/8913901/men-running-shoes-superior-grip-cushioned-upto-20km-week-jogflow-190-1-grey,Running
https://www.decathlon.in/p/8913901/men-running-shoes-superior-grip-cushioned-upto-20km-week-jogflow-190-1-grey,Sport Shoes
https://www.decathlon.in/p/8913903/men-running-shoes-superior-grip-cushioned-upto-20km-week-jogflow-190-1-blue,Jogging
https://www.decathlon.in/p/8913903/men-running-shoes-superior-grip-cushioned-upto-20km-week-jogflow-190-1-blue,Running
https://www.decathlon.in/p/8913912/men-running-and-trail-running-shoes-kiprun-jf-190-grip-blue,Jogging
https://www.decathlon.in/p/8913912/men-running-and-trail-running-shoes-kiprun-jf-190-grip-blue,Occasional
https://www.decathlon.in/p/8913912/men-running-and-trail-running-shoes-kiprun-jf-190-grip-blue,Running
https://www.decathlon.in/p/8913912/men-running-and-trail-running-shoes-kiprun-jf-190-grip-blue,Sport Shoes
https://www.decathlon.in/p/8913917/men-running-and-trail-running-shoes-kiprun-jf-190-grip-flame-orange,Jogging
https://www.decathlon.in/p/8913917/men-running-and-trail-running-shoes-kiprun-jf-190-grip-flame-orange,Occasional
https://www.decathlon.in/p/8913917/men-running-and-trail-running-shoes-kiprun-jf-190-grip-flame-orange,Running
https://www.decathlon.in/p/8913926/men-running-and-trail-running-shoes-kiprun-jf-190-grip-silver-grey,Jogging
https://www.decathlon.in/p/8913926/men-running-and-trail-running-shoes-kiprun-jf-190-grip-silver-grey,Occasional
https://www.decathlon.in/p/8913926/men-running-and-trail-running-shoes-kiprun-jf-190-grip-silver-grey,Running
https://www.decathlon.in/p/8913926/men-running-and-trail-running-shoes-kiprun-jf-190-grip-silver-grey,Sport Shoes
https://www.decathlon.in/p/8933795/men-s-badminton-shoes-blue,Occasional
https://www.decathlon.in/p/8933795/men-s-badminton-shoes-blue,Sport Shoes
https://www.decathlon.in/p/8961427/men-s-sports-shoes-essential-icon-black-white,Sport Shoes
https://www.decathlon.in/p/8983461/men-running-shoes-extremely-breathable-upto-10km-week-jogflow-150-breathe-red,Occasional
https://www.decathlon.in/p/8983461/men-running-shoes-extremely-breathable-upto-10km-week-jogflow-150-breathe-red,Sport Shoes
https://www.decathlon.in/p/8983462/men-running-shoes-extremely-breathable-upto-10km-week-jogflow-150-breathe-blue,Occasional
https://www.decathlon.in/p/8983462/men-running-shoes-extremely-breathable-upto-10km-week-jogflow-150-breathe-blue,Sport Shoes
